,code,date,Open,High,Low,Close,Diff,Volume
0,005930,2017-06-29,48040.0,48320.0,47940.0,47940.0,12000,166131
1,005930,2017-06-30,47500.0,47620.0,47100.0,47540.0,20000,237551
2,005930,2017-07-03,47500.0,47780.0,47120.0,47220.0,16000,136111
3,005930,2017-07-04,47160.0,47400.0,46900.0,47000.0,11000,159220
4,005930,2017-07-05,46820.0,47680.0,46780.0,47580.0,29000,212805
5,005930,2017-07-06,48000.0,48100.0,47720.0,48060.0,24000,218461
6,005930,2017-07-07,47740.0,48120.0,47620.0,47860.0,10000,162638
7,005930,2017-07-10,48500.0,48900.0,48320.0,48660.0,40000,215855
8,005930,2017-07-11,48640.0,49000.0,48280.0,49000.0,17000,194356
9,005930,2017-07-12,49000.0,50000.0,48840.0,49880.0,44000,189723
10,005930,2017-07-13,50080.0,50940.0,50040.0,50560.0,34000,320683
11,005930,2017-07-14,51000.0,51080.0,50420.0,50480.0,4000,164780
12,005930,2017-07-17,50900.0,51020.0,50520.0,50640.0,8000,179522
13,005930,2017-07-18,50420.0,50880.0,50360.0,50840.0,10000,141689
14,005930,2017-07-19,50620.0,50820.0,50000.0,50740.0,5000,223150
15,005930,2017-07-20,50760.0,51320.0,50560.0,51200.0,23000,167352
16,005930,2017-07-21,50860.0,51160.0,50520.0,51080.0,6000,168981
17,005930,2017-07-24,50700.0,51000.0,50620.0,50860.0,11000,141995
18,005930,2017-07-25,50500.0,50760.0,49940.0,50000.0,43000,216212
19,005930,2017-07-26,49600.0,50020.0,49300.0,49840.0,8000,224496
20,005930,2017-07-27,50000.0,50640.0,49560.0,49800.0,2000,228990
21,005930,2017-07-28,49800.0,49800.0,47380.0,47760.0,102000,523366
22,005930,2017-07-31,47420.0,48240.0,46920.0,48200.0,22000,254028
23,005930,2017-08-01,48000.0,48840.0,47540.0,48600.0,20000,227390
24,005930,2017-08-02,49200.0,49340.0,48600.0,49000.0,20000,155549
25,005930,2017-08-03,49000.0,49000.0,47120.0,47780.0,61000,310816
26,005930,2017-08-04,48160.0,48180.0,47500.0,47700.0,4000,167184
27,005930,2017-08-07,47500.0,48080.0,47440.0,47580.0,6000,144365
28,005930,2017-08-08,47980.0,48260.0,47480.0,47720.0,7000,159592
29,005930,2017-08-09,47400.0,47400.0,46240.0,46280.0,72000,291108
30,005930,2017-08-10,46200.0,46320.0,45460.0,45900.0,19000,459723
31,005930,2017-08-11,45120.0,45300.0,44220.0,44620.0,64000,508146
32,005930,2017-08-14,45120.0,45400.0,44720.0,45000.0,19000,383712
33,005930,2017-08-16,46220.0,46380.0,46000.0,46200.0,60000,438273
34,005930,2017-08-17,46960.0,47300.0,46740.0,47040.0,42000,248317
35,005930,2017-08-18,46760.0,47240.0,46240.0,46900.0,7000,209559
36,005930,2017-08-21,47240.0,47240.0,46580.0,46840.0,3000,102069
37,005930,2017-08-22,46820.0,47160.0,46700.0,47000.0,8000,147635
38,005930,2017-08-23,47780.0,47780.0,47180.0,47480.0,24000,187694
39,005930,2017-08-24,47520.0,47660.0,47340.0,47520.0,2000,173149
40,005930,2017-08-25,47880.0,47880.0,46720.0,47020.0,25000,224871
41,005930,2017-08-28,47020.0,47240.0,45960.0,46100.0,46000,199242
42,005930,2017-08-29,45640.0,46080.0,45160.0,46080.0,1000,252473
43,005930,2017-08-30,46380.0,46400.0,45960.0,46200.0,6000,150260
44,005930,2017-08-31,46220.0,46640.0,46000.0,46320.0,6000,220234
45,005930,2017-09-01,46460.0,46640.0,46300.0,46480.0,8000,212834
46,005930,2017-09-04,45780.0,46360.0,45500.0,46040.0,22000,158870
47,005930,2017-09-05,46240.0,46900.0,45960.0,46760.0,36000,234322
48,005930,2017-09-06,46760.0,47180.0,46700.0,47000.0,12000,216221
49,005930,2017-09-07,47000.0,48220.0,47000.0,48120.0,56000,193530
50,005930,2017-09-08,48700.0,49180.0,48580.0,49080.0,48000,217860
51,005930,2017-09-11,49700.0,50180.0,49500.0,49800.0,36000,207495
52,005930,2017-09-12,50200.0,50220.0,49140.0,49600.0,10000,240595
53,005930,2017-09-13,49820.0,50400.0,49440.0,49620.0,1000,187140
54,005930,2017-09-14,50060.0,50320.0,49760.0,50300.0,34000,284095
55,005930,2017-09-15,50300.0,50560.0,49860.0,50400.0,5000,215146
56,005930,2017-09-18,50540.0,52480.0,50520.0,52480.0,104000,230499
57,005930,2017-09-19,52500.0,52640.0,51780.0,52120.0,18000,197008
58,005930,2017-09-20,52120.0,52500.0,51840.0,52220.0,5000,185855
59,005930,2017-09-21,52220.0,52960.0,52220.0,52800.0,29000,176796
60,005930,2017-09-22,52960.0,53600.0,52460.0,53000.0,10000,278448
61,005930,2017-09-25,53000.0,53680.0,53000.0,53620.0,31000,186062
62,005930,2017-09-26,53020.0,53120.0,51560.0,51660.0,98000,341144
63,005930,2017-09-27,52000.0,52200.0,51500.0,51680.0,1000,215940
64,005930,2017-09-28,52260.0,52460.0,51260.0,51260.0,21000,240509
65,005930,2017-09-29,51180.0,51620.0,50840.0,51280.0,1000,258188
66,005930,2017-10-10,53360.0,53640.0,52800.0,52800.0,76000,410396
67,005930,2017-10-11,53600.0,54760.0,53340.0,54640.0,92000,273043
68,005930,2017-10-12,54840.0,55160.0,54100.0,54800.0,8000,277814
69,005930,2017-10-13,54540.0,54840.0,53780.0,54000.0,40000,252033
70,005930,2017-10-16,53980.0,54860.0,53760.0,53920.0,4000,195399
71,005930,2017-10-17,54020.0,55380.0,54000.0,54800.0,44000,212156
72,005930,2017-10-18,54820.0,55240.0,54040.0,54760.0,2000,202215
73,005930,2017-10-19,54700.0,54700.0,52980.0,52980.0,89000,242174
74,005930,2017-10-20,52800.0,54100.0,52800.0,53840.0,43000,160541
75,005930,2017-10-23,54600.0,54640.0,54000.0,54300.0,23000,166221
76,005930,2017-10-24,54700.0,54780.0,54040.0,54040.0,13000,116121
77,005930,2017-10-25,54040.0,54420.0,53700.0,53900.0,7000,117657
78,005930,2017-10-26,53720.0,53900.0,52400.0,52400.0,75000,195531
79,005930,2017-10-27,52400.0,53320.0,52140.0,53080.0,34000,147850
80,005930,2017-10-30,53780.0,54320.0,53700.0,54040.0,48000,163923
81,005930,2017-10-31,54060.0,55440.0,53500.0,55080.0,52000,267631
82,005930,2017-11-01,57500.0,57500.0,56180.0,57220.0,107000,290205
83,005930,2017-11-02,57500.0,57520.0,56760.0,57060.0,8000,214421
84,005930,2017-11-03,57060.0,57140.0,55860.0,56380.0,34000,198716
85,005930,2017-11-06,56380.0,56500.0,55340.0,56380.0,0,180019
86,005930,2017-11-07,56380.0,56920.0,55860.0,56100.0,14000,149291
87,005930,2017-11-08,56100.0,57060.0,55860.0,56760.0,33000,170404
88,005930,2017-11-09,56920.0,56920.0,55900.0,56340.0,21000,239881
89,005930,2017-11-10,55800.0,56540.0,55780.0,56400.0,3000,134976
90,005930,2017-11-13,56400.0,56800.0,56100.0,56380.0,1000,176133
91,005930,2017-11-14,56380.0,56740.0,55920.0,55920.0,23000,134500
92,005930,2017-11-15,55920.0,56320.0,55320.0,55340.0,29000,176339
93,005930,2017-11-16,55440.0,56000.0,55400.0,55780.0,22000,152814
94,005930,2017-11-17,56400.0,56880.0,55820.0,55820.0,2000,214663
95,005930,2017-11-20,55900.0,55980.0,55200.0,55200.0,31000,189455
96,005930,2017-11-21,55400.0,55840.0,55280.0,55280.0,4000,206494
97,005930,2017-11-22,55980.0,56200.0,55620.0,55960.0,34000,159059
98,005930,2017-11-23,55960.0,55980.0,55020.0,55300.0,33000,125458
99,005930,2017-11-24,55300.0,55500.0,55180.0,55460.0,8000,90724
100,005930,2017-11-27,55360.0,55360.0,52640.0,52640.0,141000,362578
101,005930,2017-11-28,52700.0,53280.0,51720.0,53280.0,32000,269988
102,005930,2017-11-29,53200.0,53240.0,52500.0,52600.0,34000,191805
103,005930,2017-11-30,50800.0,51860.0,50200.0,50800.0,90000,592683
104,005930,2017-12-01,50800.0,51780.0,50800.0,50840.0,2000,257372
105,005930,2017-12-04,50840.0,51340.0,50020.0,51340.0,25000,297301
106,005930,2017-12-05,50600.0,51300.0,50280.0,51260.0,4000,186531
107,005930,2017-12-06,51260.0,51560.0,50020.0,50020.0,62000,217784
108,005930,2017-12-07,50040.0,50980.0,50020.0,50740.0,36000,221312
109,005930,2017-12-08,51360.0,52000.0,51040.0,52000.0,63000,225809
110,005930,2017-12-11,52000.0,52040.0,51500.0,51780.0,11000,162517
111,005930,2017-12-12,51820.0,52100.0,51660.0,52100.0,16000,175301
112,005930,2017-12-13,52100.0,52100.0,51100.0,51320.0,39000,226674
113,005930,2017-12-14,51320.0,52280.0,51060.0,51060.0,13000,406208
114,005930,2017-12-15,51240.0,51480.0,50520.0,50620.0,22000,298571
115,005930,2017-12-18,50620.0,51240.0,50620.0,51200.0,29000,147005
116,005930,2017-12-19,51540.0,52080.0,51520.0,51560.0,18000,239572
117,005930,2017-12-20,51500.0,51760.0,50820.0,50880.0,34000,201611
118,005930,2017-12-21,51000.0,51060.0,49100.0,49140.0,87000,312486
119,005930,2017-12-22,49400.0,49960.0,49240.0,49700.0,28000,223993
120,005930,2017-12-26,49760.0,50100.0,48200.0,48200.0,75000,320797
121,005930,2017-12-27,48960.0,49560.0,48460.0,49360.0,58000,214872
122,005930,2017-12-28,49560.0,50960.0,49500.0,50960.0,80000,179709
123,005930,2018-01-02,51380.0,51400.0,50780.0,51020.0,3000,169485
124,005930,2018-01-03,52540.0,52560.0,51420.0,51620.0,30000,200270
125,005930,2018-01-04,52120.0,52180.0,50640.0,51080.0,27000,233909
126,005930,2018-01-05,51300.0,52120.0,51200.0,52120.0,52000,189623
127,005930,2018-01-08,52400.0,52520.0,51500.0,52020.0,5000,167673
128,005930,2018-01-09,51460.0,51720.0,49980.0,50400.0,81000,360272
129,005930,2018-01-10,50500.0,50520.0,48640.0,48840.0,78000,371336
130,005930,2018-01-11,48200.0,49260.0,48020.0,48240.0,30000,502476
131,005930,2018-01-12,48240.0,48480.0,46760.0,48200.0,2000,545409
132,005930,2018-01-15,48800.0,48980.0,47920.0,48540.0,17000,201920
133,005930,2018-01-16,48760.0,50140.0,48620.0,50000.0,73000,407793
134,005930,2018-01-17,50020.0,50020.0,49060.0,49620.0,19000,221061
135,005930,2018-01-18,50020.0,50640.0,49820.0,49900.0,14000,296977
136,005930,2018-01-19,50380.0,50380.0,49040.0,49320.0,29000,184399
137,005930,2018-01-22,48640.0,48680.0,47960.0,48240.0,54000,250418
138,005930,2018-01-23,48660.0,49160.0,48300.0,49160.0,46000,270654
139,005930,2018-01-24,48860.0,49700.0,48560.0,49340.0,9000,191010
140,005930,2018-01-25,49220.0,50360.0,49160.0,50260.0,46000,223207
141,005930,2018-01-26,50500.0,50780.0,49840.0,50780.0,26000,207002
142,005930,2018-01-29,51200.0,51480.0,50900.0,51220.0,22000,236776
143,005930,2018-01-30,50440.0,50640.0,49780.0,49800.0,71000,245691
144,005930,2018-01-31,50020.0,54140.0,49600.0,49900.0,5000,1293626
145,005930,2018-02-01,50620.0,50960.0,49720.0,49820.0,4000,552189
146,005930,2018-02-02,49380.0,49400.0,47700.0,47700.0,106000,585207
147,005930,2018-02-05,46500.0,48320.0,46000.0,47920.0,11000,567158
148,005930,2018-02-06,46600.0,47920.0,46580.0,47420.0,25000,388129
149,005930,2018-02-07,48240.0,48260.0,45800.0,45800.0,81000,468961
150,005930,2018-02-08,46120.0,46620.0,45980.0,46000.0,10000,465021
151,005930,2018-02-09,44440.0,45180.0,44420.0,44700.0,65000,349300
152,005930,2018-02-12,45100.0,46320.0,45040.0,45720.0,51000,315099
153,005930,2018-02-13,46200.0,48060.0,46200.0,47540.0,91000,378465
154,005930,2018-02-14,48080.0,49100.0,47940.0,49000.0,73000,378118
155,005930,2018-02-19,49800.0,49800.0,47860.0,48380.0,31000,307069
156,005930,2018-02-20,48040.0,48160.0,47220.0,47400.0,49000,202452
157,005930,2018-02-21,47280.0,47580.0,46840.0,47280.0,6000,257604
158,005930,2018-02-22,47260.0,47260.0,46760.0,46760.0,26000,177399
159,005930,2018-02-23,46760.0,47800.0,46760.0,47220.0,23000,248466
160,005930,2018-02-26,47280.0,47560.0,47080.0,47380.0,8000,191213
161,005930,2018-02-27,48360.0,48380.0,47380.0,47380.0,0,196611
162,005930,2018-02-28,47380.0,48100.0,47000.0,47060.0,16000,303247
163,005930,2018-03-02,46580.0,46800.0,46000.0,46020.0,52000,265310
164,005930,2018-03-05,45820.0,46160.0,45080.0,45200.0,41000,282019
165,005930,2018-03-06,45920.0,47100.0,45820.0,47020.0,91000,308467
166,005930,2018-03-07,48200.0,48900.0,47220.0,48620.0,80000,428541
167,005930,2018-03-08,49200.0,49480.0,48080.0,49200.0,29000,389273
168,005930,2018-03-09,49440.0,50540.0,49240.0,49740.0,27000,286088
169,005930,2018-03-12,50560.0,50780.0,49580.0,49740.0,0,173779
170,005930,2018-03-13,50760.0,51660.0,50360.0,51660.0,96000,401974
171,005930,2018-03-14,51020.0,52000.0,51000.0,51760.0,5000,254265
172,005930,2018-03-15,52000.0,52020.0,51020.0,51540.0,11000,177649
173,005930,2018-03-16,51220.0,51420.0,50240.0,51140.0,20000,243698
174,005930,2018-03-19,50620.0,51340.0,50440.0,50740.0,20000,164377
175,005930,2018-03-20,50700.0,51200.0,50100.0,51200.0,23000,163865
176,005930,2018-03-21,51780.0,51780.0,51060.0,51060.0,7000,178104
177,005930,2018-03-22,51060.0,51780.0,51040.0,51780.0,36000,169082
178,005930,2018-03-23,50340.0,50720.0,49600.0,49720.0,103000,297099
179,005930,2018-03-26,49420.0,50280.0,49040.0,50280.0,28000,201155
180,005930,2018-03-27,50320.0,50460.0,49080.0,49980.0,15000,237480
181,005930,2018-03-28,49100.0,49100.0,48340.0,48700.0,64000,303189
182,005930,2018-03-29,48700.0,49560.0,48320.0,49040.0,17000,201340
183,005930,2018-03-30,49080.0,49900.0,49080.0,49220.0,9000,155542
184,005930,2018-04-02,49000.0,49220.0,48500.0,48540.0,34000,142313
185,005930,2018-04-03,47880.0,48140.0,47280.0,48120.0,21000,255365
186,005930,2018-04-04,48160.0,48260.0,46920.0,46920.0,60000,247684
187,005930,2018-04-05,47400.0,49380.0,47340.0,48740.0,91000,264912
188,005930,2018-04-06,48000.0,48580.0,47400.0,48400.0,17000,250654
189,005930,2018-04-09,48260.0,49440.0,48200.0,49200.0,40000,199008
190,005930,2018-04-10,48540.0,49220.0,48040.0,48880.0,16000,219687
191,005930,2018-04-11,49900.0,49900.0,48600.0,48860.0,1000,201022
192,005930,2018-04-12,49440.0,49440.0,48880.0,49000.0,7000,249325
193,005930,2018-04-13,49600.0,50180.0,49400.0,49800.0,40000,205566
194,005930,2018-04-16,50320.0,50600.0,49860.0,50340.0,27000,157549
195,005930,2018-04-17,50240.0,50540.0,49820.0,49980.0,18000,155440
196,005930,2018-04-18,51000.0,51360.0,50580.0,51360.0,69000,269252
197,005930,2018-04-19,52000.0,52980.0,51540.0,52780.0,71000,343811
198,005930,2018-04-20,51800.0,52260.0,51420.0,51620.0,58000,235220
199,005930,2018-04-23,51000.0,52080.0,51000.0,51900.0,14000,232380
200,005930,2018-04-24,51840.0,51860.0,50080.0,50460.0,72000,315406
201,005930,2018-04-25,49220.0,50500.0,49220.0,50400.0,3000,332292
202,005930,2018-04-26,50420.0,52160.0,50400.0,52140.0,87000,360931
203,005930,2018-04-27,53380.0,53640.0,52440.0,53000.0,43000,606216
207,005930,2018-05-04,53000.0,53900.0,51800.0,51900.0,1100,39565391
208,005930,2018-05-08,52600.0,53200.0,51900.0,52600.0,700,23104720
209,005930,2018-05-09,52600.0,52800.0,50900.0,50900.0,1700,16128305
210,005930,2018-05-10,51700.0,51700.0,50600.0,51600.0,700,13905263
211,005930,2018-05-11,52000.0,52200.0,51200.0,51300.0,300,10314997
212,005930,2018-05-14,51000.0,51100.0,49900.0,50100.0,1200,14909272
213,005930,2018-05-15,50200.0,50400.0,49100.0,49200.0,900,18709146
214,005930,2018-05-16,49200.0,50200.0,49150.0,49850.0,650,15918683
215,005930,2018-05-17,50300.0,50500.0,49400.0,49400.0,450,10365440
216,005930,2018-05-18,49900.0,49900.0,49350.0,49500.0,100,6706570
217,005930,2018-05-21,49650.0,50200.0,49100.0,50000.0,500,9020998
218,005930,2018-05-23,50600.0,52000.0,50400.0,51800.0,1800,17095490
219,005930,2018-05-24,52000.0,52000.0,51100.0,51400.0,400,8289275
220,005930,2018-05-25,51000.0,52800.0,50800.0,52700.0,1300,15207266
221,005930,2018-05-28,52500.0,53000.0,52000.0,52300.0,400,9787820
222,005930,2018-05-29,52200.0,52500.0,51300.0,51300.0,1000,8480437
223,005930,2018-05-30,51300.0,51500.0,49100.0,49500.0,1800,20498098
224,005930,2018-05-31,50400.0,50800.0,49850.0,50700.0,1200,63491109
225,005930,2018-06-01,50500.0,51700.0,49950.0,51300.0,600,13038499
226,005930,2018-06-04,50800.0,51200.0,50700.0,51100.0,200,9767171
227,005930,2018-06-05,51100.0,51400.0,50400.0,51300.0,200,9144100
228,005930,2018-06-07,51800.0,51800.0,50500.0,50600.0,700,13590016
229,005930,2018-06-08,50200.0,50400.0,49600.0,49650.0,950,16951706
230,005930,2018-06-11,49750.0,50300.0,49350.0,49900.0,250,10571312
231,005930,2018-06-12,49700.0,49800.0,49250.0,49400.0,500,12110569
232,005930,2018-06-14,49000.0,49000.0,48200.0,48200.0,1200,20971729
233,005930,2018-06-15,48500.0,48700.0,47650.0,47650.0,550,17080892
234,005930,2018-06-18,47600.0,47650.0,46200.0,46600.0,1050,16661870
235,005930,2018-06-19,47200.0,47350.0,46500.0,47000.0,400,15217971
236,005930,2018-06-20,47450.0,47600.0,46850.0,47000.0,0,12959316
237,005930,2018-06-21,47900.0,47900.0,47050.0,47050.0,50,10015541
238,005930,2018-06-22,47000.0,47250.0,46200.0,47250.0,200,10298006
239,005930,2018-06-25,47050.0,47050.0,46150.0,46650.0,600,10587711
240,005930,2018-06-26,45900.0,47300.0,45900.0,47000.0,350,11223166
241,005930,2018-06-27,47450.0,48500.0,47000.0,47950.0,950,15274752
242,005930,2018-06-28,46850.0,47150.0,46600.0,46800.0,1150,12784800
243,005930,2018-06-29,46250.0,47150.0,46200.0,46650.0,150,14099635
244,005930,2018-07-02,46500.0,47150.0,45500.0,45550.0,1100,13112253
245,005930,2018-07-03,45750.0,46450.0,45750.0,46150.0,600,10959655
246,005930,2018-07-04,46700.0,47050.0,46050.0,46250.0,100,8776763
247,005930,2018-07-05,46100.0,46550.0,45600.0,45950.0,300,7039773
248,005930,2018-07-06,45500.0,45850.0,44650.0,44900.0,1050,17843706
249,005930,2018-07-09,45500.0,46100.0,45200.0,45600.0,700,11602464
250,005930,2018-07-10,46200.0,46550.0,46100.0,46300.0,700,10528665
251,005930,2018-07-11,46400.0,46450.0,45400.0,46000.0,300,11224077
252,005930,2018-07-12,45900.0,46250.0,45450.0,45500.0,500,11828104
253,005930,2018-07-13,45800.0,46500.0,45750.0,46500.0,1000,11543389
254,005930,2018-07-16,46800.0,46800.0,46000.0,46050.0,450,7678719
255,005930,2018-07-17,46150.0,46200.0,45600.0,45850.0,200,8892953
256,005930,2018-07-18,46700.0,47200.0,46450.0,46550.0,700,10952645
257,005930,2018-07-19,47050.0,47200.0,46600.0,46900.0,350,9880128
258,005930,2018-07-20,47000.0,47600.0,46700.0,47450.0,550,10474547
259,005930,2018-07-23,47100.0,47200.0,46150.0,46500.0,950,10823782
260,005930,2018-07-24,46350.0,46600.0,45950.0,46150.0,350,8261363
261,005930,2018-07-25,46250.0,46550.0,45900.0,46150.0,0,7222471
262,005930,2018-07-26,46100.0,47000.0,46000.0,46900.0,750,7374946
263,005930,2018-07-27,46450.0,47000.0,46450.0,46900.0,0,4762460
264,005930,2018-07-30,46550.0,46800.0,46350.0,46500.0,400,5723035
265,005930,2018-07-31,46200.0,46450.0,46000.0,46250.0,250,8033607
266,005930,2018-08-01,46050.0,46850.0,46050.0,46550.0,300,7484499
267,005930,2018-08-02,46550.0,46800.0,45500.0,45550.0,1000,8560924
268,005930,2018-08-03,45850.0,45900.0,45450.0,45750.0,200,8274944
269,005930,2018-08-06,46150.0,46150.0,45750.0,45800.0,50,6771979
270,005930,2018-08-07,46300.0,46750.0,45900.0,46700.0,900,9058174
271,005930,2018-08-08,47000.0,47000.0,46550.0,46800.0,100,6429338
272,005930,2018-08-09,47000.0,47050.0,46450.0,46900.0,100,12010886
273,005930,2018-08-10,46150.0,46400.0,44850.0,45400.0,1500,16670643
274,005930,2018-08-13,44950.0,45100.0,44650.0,45050.0,350,9803831
275,005930,2018-08-14,44850.0,45400.0,44850.0,45150.0,100,6409259
276,005930,2018-08-16,43800.0,44650.0,43700.0,44250.0,900,10088229
277,005930,2018-08-17,44050.0,44400.0,44050.0,44100.0,150,6808747
278,005930,2018-08-20,43500.0,44200.0,43500.0,43850.0,250,7289124
279,005930,2018-08-21,43700.0,44900.0,43700.0,44800.0,950,9520270
280,005930,2018-08-22,45150.0,46200.0,44900.0,46100.0,1300,11641656
281,005930,2018-08-23,46150.0,46200.0,45700.0,46200.0,100,6730918
282,005930,2018-08-24,45900.0,46400.0,45550.0,46150.0,50,6582535
283,005930,2018-08-27,46100.0,46550.0,46000.0,46300.0,150,5263782
284,005930,2018-08-28,46800.0,46950.0,46300.0,46550.0,250,7365976
285,005930,2018-08-29,46750.0,46800.0,46400.0,46800.0,250,5572374
286,005930,2018-08-30,46950.0,47950.0,46700.0,47650.0,850,12193231
287,005930,2018-08-31,47100.0,48450.0,47000.0,48450.0,800,13577454
288,005930,2018-09-03,48200.0,48300.0,47300.0,47450.0,1000,8595084
289,005930,2018-09-04,47550.0,47800.0,47200.0,47650.0,200,6791255
290,005930,2018-09-05,47300.0,47450.0,46400.0,46600.0,1050,9139998
291,005930,2018-09-06,46200.0,46400.0,45800.0,46100.0,500,9040553
292,005930,2018-09-07,44500.0,45200.0,44400.0,44900.0,1200,18285508
293,005930,2018-09-10,45450.0,45550.0,45000.0,45500.0,600,9979838
294,005930,2018-09-11,45550.0,45900.0,45050.0,45050.0,450,9865790
295,005930,2018-09-12,44900.0,45100.0,44500.0,44550.0,500,12995269
296,005930,2018-09-13,44550.0,44750.0,44000.0,44050.0,500,18277942
297,005930,2018-09-14,45000.0,45850.0,44900.0,45850.0,1800,12446344
298,005930,2018-09-17,45550.0,45800.0,44900.0,45150.0,700,8123384
299,005930,2018-09-18,44950.0,45900.0,44700.0,45500.0,350,9987090
300,005930,2018-09-19,46000.0,46200.0,45700.0,46150.0,650,9367454
301,005930,2018-09-20,46850.0,47600.0,46400.0,47250.0,1100,13536966
302,005930,2018-09-21,46550.0,47550.0,46550.0,47400.0,150,14476906
303,005930,2018-09-27,46950.0,47500.0,46450.0,47500.0,100,15804586
304,005930,2018-09-28,47250.0,47250.0,46300.0,46450.0,1050,11270515
305,005930,2018-10-01,46450.0,46800.0,45800.0,46350.0,100,6354983
306,005930,2018-10-02,46450.0,46700.0,45700.0,45700.0,650,6607188
307,005930,2018-10-04,45150.0,45600.0,44700.0,44700.0,1000,11865327
308,005930,2018-10-05,44800.0,45500.0,44550.0,44700.0,0,10544165
309,005930,2018-10-08,44200.0,45200.0,44200.0,44950.0,250,6759464
310,005930,2018-10-10,45250.0,45500.0,44500.0,45300.0,350,10341349
311,005930,2018-10-11,44000.0,44650.0,43100.0,43100.0,2200,19324537
312,005930,2018-10-12,43200.0,44650.0,43200.0,44000.0,900,12640906
313,005930,2018-10-15,44050.0,44050.0,43350.0,43800.0,200,7434522
314,005930,2018-10-16,43700.0,44150.0,43350.0,43600.0,200,6825677
315,005930,2018-10-17,44150.0,44500.0,44000.0,44150.0,550,8306193
316,005930,2018-10-18,43950.0,44450.0,43700.0,44050.0,100,8347725
317,005930,2018-10-19,43900.0,44150.0,43450.0,43900.0,150,7842520
318,005930,2018-10-22,43450.0,43950.0,43200.0,43550.0,350,8357648
319,005930,2018-10-23,43300.0,43450.0,42550.0,43050.0,500,9531231
320,005930,2018-10-24,43050.0,43100.0,42250.0,42550.0,500,13522825
321,005930,2018-10-25,40600.0,41550.0,40550.0,41000.0,1550,19338170
322,005930,2018-10-26,41100.0,41300.0,40400.0,41000.0,0,14413864
323,005930,2018-10-29,40850.0,41950.0,40550.0,41400.0,400,14460521
324,005930,2018-10-30,41400.0,43000.0,41000.0,42350.0,950,14205190
325,005930,2018-10-31,42900.0,43350.0,41700.0,42400.0,50,17621480
326,005930,2018-11-01,42450.0,42950.0,42150.0,42150.0,250,13423132
327,005930,2018-11-02,43050.0,44250.0,42800.0,44150.0,2000,16517112
328,005930,2018-11-05,43750.0,43800.0,42900.0,43800.0,350,9426777
329,005930,2018-11-06,43750.0,43800.0,42950.0,43750.0,50,7713625
330,005930,2018-11-07,43600.0,44500.0,43400.0,44000.0,250,11553998
331,005930,2018-11-08,44900.0,45050.0,44050.0,44050.0,50,12617397
332,005930,2018-11-09,44450.0,44850.0,43900.0,44300.0,250,7318500
333,005930,2018-11-12,43850.0,45250.0,43700.0,45200.0,900,8552566
334,005930,2018-11-13,43900.0,44500.0,43400.0,44500.0,700,9311126
335,005930,2018-11-14,44500.0,44500.0,43800.0,44100.0,400,6783344
336,005930,2018-11-15,44050.0,44350.0,43500.0,44250.0,150,5864067
337,005930,2018-11-16,44600.0,44750.0,43700.0,44000.0,250,7777124
338,005930,2018-11-19,44050.0,44250.0,43450.0,43650.0,350,7538720
339,005930,2018-11-20,42450.0,43000.0,42100.0,42800.0,850,9420664
340,005930,2018-11-21,41800.0,42300.0,41800.0,42100.0,700,10769589
341,005930,2018-11-22,42000.0,42650.0,42000.0,42450.0,350,5970796
342,005930,2018-11-23,42450.0,42600.0,41900.0,42400.0,50,5192638
343,005930,2018-11-26,42150.0,42800.0,42100.0,42600.0,200,6613009
344,005930,2018-11-27,42900.0,43100.0,42500.0,43050.0,450,8367091
345,005930,2018-11-28,42800.0,43200.0,42750.0,43150.0,100,6943099
346,005930,2018-11-29,43850.0,43850.0,42900.0,43150.0,0,8473511
347,005930,2018-11-30,43450.0,44000.0,41750.0,41850.0,1300,19775519
348,005930,2018-12-03,42750.0,43400.0,42400.0,43250.0,1400,12110702
349,005930,2018-12-04,42650.0,42900.0,41900.0,42150.0,1100,14347746
350,005930,2018-12-05,40900.0,41750.0,40850.0,41450.0,700,12631983
351,005930,2018-12-06,40600.0,41100.0,40450.0,40500.0,950,14251826
352,005930,2018-12-07,40900.0,41400.0,40850.0,40950.0,450,11433083
353,005930,2018-12-10,40450.0,40650.0,40000.0,40200.0,750,14892263
354,005930,2018-12-11,40600.0,40700.0,40200.0,40250.0,50,10638766
355,005930,2018-12-12,40250.0,40700.0,40150.0,40450.0,200,12024279
356,005930,2018-12-13,40650.0,40750.0,40000.0,40000.0,450,26254646
357,005930,2018-12-14,40200.0,40200.0,38700.0,38950.0,1050,19671783
358,005930,2018-12-17,38650.0,39600.0,38650.0,39150.0,200,11532968
359,005930,2018-12-18,38300.0,39200.0,38300.0,38900.0,250,11042101
360,005930,2018-12-19,38900.0,39350.0,38850.0,39100.0,200,9942037
361,005930,2018-12-20,38600.0,39100.0,38500.0,38650.0,450,11937617
362,005930,2018-12-21,38200.0,38650.0,38100.0,38650.0,0,14947080
363,005930,2018-12-24,38500.0,39050.0,38300.0,38800.0,150,9729530
364,005930,2018-12-26,38400.0,38750.0,38300.0,38350.0,450,12707675
365,005930,2018-12-27,38700.0,38800.0,38100.0,38250.0,100,10510643
366,005930,2018-12-28,38250.0,38900.0,38200.0,38700.0,450,9900267
367,005930,2019-01-02,39400.0,39400.0,38550.0,38750.0,50,7847664
368,005930,2019-01-03,38300.0,38550.0,37450.0,37600.0,1150,12471493
369,005930,2019-01-04,37450.0,37600.0,36850.0,37450.0,150,14108958
370,005930,2019-01-07,38000.0,38900.0,37800.0,38750.0,1300,12748997
371,005930,2019-01-08,38000.0,39200.0,37950.0,38100.0,650,12756554
372,005930,2019-01-09,38650.0,39600.0,38300.0,39600.0,1500,17452708
373,005930,2019-01-10,40000.0,40150.0,39600.0,39800.0,200,14731699
374,005930,2019-01-11,40350.0,40550.0,39950.0,40500.0,700,11661063
375,005930,2019-01-14,40450.0,40700.0,39850.0,40050.0,450,11984996
376,005930,2019-01-15,40050.0,41100.0,39850.0,41100.0,1050,11492756
377,005930,2019-01-16,41150.0,41450.0,40700.0,41450.0,350,8491595
378,005930,2019-01-17,41700.0,42100.0,41450.0,41950.0,500,11736903
379,005930,2019-01-18,42000.0,42400.0,41950.0,42300.0,350,11029256
380,005930,2019-01-21,42700.0,42750.0,41900.0,42750.0,450,11355701
381,005930,2019-01-22,42750.0,42850.0,41850.0,42150.0,600,9964356
382,005930,2019-01-23,41350.0,42250.0,41350.0,42000.0,150,11071079
383,005930,2019-01-24,43050.0,43100.0,42350.0,43050.0,1050,14747623
384,005930,2019-01-25,44300.0,44750.0,43750.0,44750.0,1700,22789395
385,005930,2019-01-28,45000.0,45500.0,44600.0,45050.0,300,17998914
386,005930,2019-01-29,45050.0,45500.0,44350.0,45500.0,450,16215017
387,005930,2019-01-30,44800.0,46400.0,44800.0,46400.0,900,17505980
388,005930,2019-01-31,46650.0,47050.0,46150.0,46150.0,250,21621145
389,005930,2019-02-01,46650.0,46950.0,46250.0,46350.0,200,13832454
390,005930,2019-02-07,46800.0,47100.0,46200.0,46200.0,150,15872001
391,005930,2019-02-08,45700.0,45700.0,44650.0,44800.0,1400,12689196
392,005930,2019-02-11,44500.0,45000.0,44250.0,45000.0,200,11125044
393,005930,2019-02-12,44650.0,46250.0,44650.0,46050.0,1050,13184367
394,005930,2019-02-13,46400.0,46700.0,46000.0,46200.0,150,11299738
395,005930,2019-02-14,46600.0,47500.0,46150.0,47500.0,1300,17259341
396,005930,2019-02-15,46750.0,46850.0,45650.0,46050.0,1450,10554643
397,005930,2019-02-18,46500.0,46850.0,45850.0,46200.0,150,8183728
398,005930,2019-02-19,45850.0,46150.0,45450.0,45950.0,250,6741395
399,005930,2019-02-20,46750.0,47100.0,46500.0,46900.0,950,11506720
400,005930,2019-02-21,46500.0,47200.0,46200.0,46950.0,50,8694009
401,005930,2019-02-22,46500.0,47150.0,46450.0,47150.0,200,6895772
402,005930,2019-02-25,47400.0,47550.0,47050.0,47350.0,200,7484716
403,005930,2019-02-26,47350.0,47450.0,46500.0,46750.0,600,7985547
404,005930,2019-02-27,47000.0,47250.0,46750.0,46750.0,0,8045211
405,005930,2019-02-28,46400.0,46500.0,45100.0,45100.0,1650,23569321
406,005930,2019-03-04,46000.0,46100.0,44800.0,44850.0,250,12926539
407,005930,2019-03-05,44600.0,45100.0,44150.0,44250.0,600,10612405
408,005930,2019-03-06,44000.0,44300.0,43700.0,44000.0,250,10202544
409,005930,2019-03-07,43400.0,44950.0,43400.0,44450.0,450,11049749
410,005930,2019-03-08,44450.0,44800.0,43800.0,43800.0,650,7729069
411,005930,2019-03-11,44400.0,44450.0,43650.0,43650.0,150,10717408
412,005930,2019-03-12,44300.0,44950.0,44150.0,44650.0,1000,11431977
413,005930,2019-03-13,44250.0,44450.0,43700.0,43850.0,800,8108343
414,005930,2019-03-14,43700.0,44300.0,43550.0,43850.0,0,18039161
415,005930,2019-03-15,43800.0,44250.0,43700.0,44200.0,350,16814163
416,005930,2019-03-18,43950.0,44150.0,43450.0,43700.0,500,8188876
417,005930,2019-03-19,43750.0,43900.0,43550.0,43900.0,200,7609563
418,005930,2019-03-20,43800.0,44200.0,43100.0,44050.0,150,9846242
419,005930,2019-03-21,44600.0,46250.0,44050.0,45850.0,1800,21138016
420,005930,2019-03-22,46850.0,47000.0,46250.0,46550.0,700,12535911
421,005930,2019-03-25,45300.0,45650.0,44800.0,45500.0,1050,8699728
422,005930,2019-03-26,45500.0,45700.0,44900.0,45250.0,250,9729811
423,005930,2019-03-27,44750.0,45600.0,44250.0,45350.0,100,9568081
424,005930,2019-03-28,44950.0,45200.0,44300.0,44850.0,500,6821306
425,005930,2019-03-29,44500.0,44900.0,44200.0,44650.0,200,11491713
426,005930,2019-04-01,45200.0,45450.0,44850.0,45050.0,400,7362129
427,005930,2019-04-02,45550.0,46100.0,45350.0,45750.0,700,9480688
428,005930,2019-04-03,46750.0,46750.0,45800.0,46600.0,850,12436570
429,005930,2019-04-04,46150.0,47100.0,46150.0,46950.0,350,12650168
430,005930,2019-04-05,46950.0,47550.0,46600.0,46850.0,100,8546339
431,005930,2019-04-08,47250.0,47250.0,46150.0,46650.0,200,8507909
432,005930,2019-04-09,46700.0,46950.0,46200.0,46650.0,0,6878761
433,005930,2019-04-10,46400.0,46700.0,46050.0,46700.0,50,11883995
434,005930,2019-04-11,46700.0,46800.0,46150.0,46250.0,450,13697399
435,005930,2019-04-12,46050.0,46900.0,46000.0,46850.0,600,7668936
436,005930,2019-04-15,47150.0,47500.0,47000.0,47050.0,200,8733019
437,005930,2019-04-16,47400.0,47400.0,46800.0,47250.0,200,7730881
438,005930,2019-04-17,47300.0,47600.0,47000.0,47050.0,200,5513658
439,005930,2019-04-18,47200.0,47250.0,45500.0,45600.0,1450,12808747
440,005930,2019-04-19,45750.0,46000.0,45250.0,45300.0,300,8479710
441,005930,2019-04-22,45400.0,45900.0,45100.0,45350.0,50,6006957
442,005930,2019-04-23,45050.0,45500.0,45000.0,45200.0,150,6920566
443,005930,2019-04-24,45400.0,45650.0,44150.0,44750.0,450,13299267
444,005930,2019-04-25,44250.0,45000.0,44100.0,44650.0,100,10868965
445,005930,2019-04-26,44200.0,45000.0,43800.0,44850.0,200,9739982
446,005930,2019-04-29,45150.0,46150.0,45100.0,46150.0,1300,8777517
447,005930,2019-04-30,46000.0,46300.0,45350.0,45850.0,300,11121273
448,005930,2019-05-02,45500.0,46150.0,45400.0,45900.0,50,8625126
449,005930,2019-05-03,45900.0,46050.0,45300.0,45300.0,600,6562916
450,005930,2019-05-07,45250.0,45300.0,44400.0,44850.0,450,12014907
451,005930,2019-05-08,44300.0,44850.0,44200.0,44250.0,600,10398754
452,005930,2019-05-09,43900.0,44250.0,42450.0,42450.0,1800,23029718
453,005930,2019-05-10,42600.0,43450.0,42450.0,42900.0,450,14579512
454,005930,2019-05-13,42500.0,43200.0,42350.0,42650.0,250,7635079
455,005930,2019-05-14,41300.0,43100.0,41300.0,42650.0,0,11563730
456,005930,2019-05-15,42700.0,43050.0,42550.0,42550.0,100,7670185
457,005930,2019-05-16,42350.0,42400.0,41350.0,41550.0,1000,13687828
458,005930,2019-05-17,41950.0,42050.0,40850.0,41200.0,350,13357951
459,005930,2019-05-20,41650.0,42100.0,41550.0,42000.0,800,15752397
460,005930,2019-05-21,42600.0,43950.0,42350.0,43150.0,1150,18812133
461,005930,2019-05-22,43700.0,43800.0,42400.0,43500.0,350,11033339
462,005930,2019-05-23,43900.0,44000.0,43250.0,43850.0,350,12259006
463,005930,2019-05-24,43800.0,43800.0,42400.0,42700.0,1150,13966305
464,005930,2019-05-27,42500.0,43000.0,42350.0,42650.0,50,8066669
465,005930,2019-05-28,42550.0,42950.0,42150.0,42550.0,100,24506881
466,005930,2019-05-29,41850.0,42100.0,41300.0,41800.0,750,14930618
467,005930,2019-05-30,42200.0,42700.0,42150.0,42550.0,750,11766018
468,005930,2019-05-31,42600.0,42800.0,42150.0,42500.0,50,11365999
469,005930,2019-06-03,42950.0,43900.0,42500.0,43800.0,1300,15466580
470,005930,2019-06-04,43400.0,43700.0,43000.0,43450.0,350,9913497
471,005930,2019-06-05,44050.0,44200.0,43700.0,43900.0,450,12464135
472,005930,2019-06-07,43600.0,44350.0,43450.0,44200.0,300,11683682
473,005930,2019-06-10,44300.0,44850.0,44050.0,44800.0,600,8792182
474,005930,2019-06-11,44800.0,45000.0,44550.0,44850.0,50,6664872
475,005930,2019-06-12,44800.0,45050.0,44300.0,44600.0,250,8607439
476,005930,2019-06-13,44200.0,44400.0,43400.0,43750.0,850,16906541
477,005930,2019-06-14,43750.0,44150.0,43300.0,44000.0,250,9322873
478,005930,2019-06-17,43750.0,44050.0,43400.0,43900.0,100,11890424
479,005930,2019-06-18,43750.0,44500.0,43650.0,44350.0,450,7994928
480,005930,2019-06-19,45450.0,45450.0,45000.0,45350.0,1000,10417690
481,005930,2019-06-20,44850.0,45500.0,44850.0,45500.0,150,7147785
482,005930,2019-06-21,45750.0,45800.0,45200.0,45700.0,200,9454913
483,005930,2019-06-24,45200.0,45800.0,45200.0,45500.0,200,6085066
484,005930,2019-06-25,45200.0,45800.0,45200.0,45600.0,100,7076774
485,005930,2019-06-26,45800.0,46000.0,45600.0,45700.0,100,9226097
486,005930,2019-06-27,46000.0,46600.0,45750.0,46500.0,800,12603534
487,005930,2019-06-28,47000.0,47000.0,46700.0,47000.0,500,12949231
488,005930,2019-07-01,47350.0,47400.0,46250.0,46600.0,400,11383522
489,005930,2019-07-02,46200.0,46900.0,45850.0,46250.0,350,8463073
490,005930,2019-07-03,45750.0,46350.0,45200.0,45400.0,850,9669368
491,005930,2019-07-04,45250.0,46200.0,45250.0,46000.0,600,6365573
492,005930,2019-07-05,45950.0,45950.0,45250.0,45650.0,350,7235395
493,005930,2019-07-08,44750.0,44800.0,44350.0,44400.0,1250,7823843
494,005930,2019-07-09,44850.0,45450.0,44700.0,45100.0,700,7646421
495,005930,2019-07-10,45550.0,46150.0,45500.0,45550.0,450,9253930
496,005930,2019-07-11,46350.0,46550.0,46150.0,46200.0,650,10989751
497,005930,2019-07-12,46350.0,46400.0,45800.0,46300.0,100,5245804
498,005930,2019-07-15,45950.0,46650.0,45750.0,46450.0,150,4717226
499,005930,2019-07-16,46450.0,46850.0,46300.0,46850.0,400,7407824
500,005930,2019-07-17,46150.0,46350.0,45950.0,46050.0,800,5216602
501,005930,2019-07-18,46450.0,46450.0,45650.0,46100.0,50,5143554
502,005930,2019-07-19,46650.0,46950.0,46600.0,46800.0,700,8819393
503,005930,2019-07-22,46800.0,47300.0,46600.0,47200.0,400,9009109
504,005930,2019-07-23,47350.0,47550.0,47050.0,47300.0,100,9061381
505,005930,2019-07-24,47100.0,47150.0,46250.0,46400.0,900,8756522
506,005930,2019-07-25,47150.0,47200.0,46600.0,47200.0,800,8408838
507,005930,2019-07-26,46650.0,47150.0,46550.0,47150.0,50,7873886
508,005930,2019-07-29,46800.0,47050.0,46000.0,46100.0,1050,6856846
509,005930,2019-07-30,46300.0,46850.0,46300.0,46550.0,450,5551014
510,005930,2019-07-31,46200.0,46600.0,45000.0,45350.0,1200,12872916
511,005930,2019-08-01,44900.0,45500.0,44850.0,45200.0,150,7811181
512,005930,2019-08-02,44550.0,45500.0,44300.0,44950.0,250,12151374
513,005930,2019-08-05,44350.0,44600.0,43600.0,43950.0,1000,14214086
514,005930,2019-08-06,42500.0,43800.0,42500.0,43500.0,450,15083824
515,005930,2019-08-07,43600.0,43900.0,43100.0,43200.0,300,10002533
516,005930,2019-08-08,43250.0,43500.0,42650.0,42650.0,550,16926881
517,005930,2019-08-09,43250.0,43350.0,43050.0,43150.0,500,9685147
518,005930,2019-08-12,44000.0,44000.0,43550.0,43700.0,550,8466169
519,005930,2019-08-13,43500.0,43500.0,42950.0,43000.0,700,7276979
520,005930,2019-08-14,43900.0,44250.0,43500.0,43700.0,700,8750135
521,005930,2019-08-16,43800.0,43900.0,43300.0,43900.0,200,9528115
522,005930,2019-08-19,44350.0,44350.0,43500.0,43600.0,300,6014218
523,005930,2019-08-20,43950.0,44600.0,43550.0,44450.0,850,8434205
524,005930,2019-08-21,44350.0,44800.0,44150.0,44500.0,50,6571717
525,005930,2019-08-22,44500.0,44700.0,43850.0,44050.0,450,8061177
526,005930,2019-08-23,43800.0,44200.0,43650.0,43950.0,100,5017381
527,005930,2019-08-26,43050.0,43800.0,42950.0,43600.0,350,7954949
528,005930,2019-08-27,43650.0,44200.0,43600.0,44050.0,450,16883932
529,005930,2019-08-28,44100.0,44400.0,43750.0,44150.0,100,5758333
530,005930,2019-08-29,44200.0,44200.0,43050.0,43400.0,750,10768862
531,005930,2019-08-30,43750.0,44300.0,43750.0,44000.0,600,9899073
532,005930,2019-09-02,44850.0,44850.0,43650.0,43800.0,200,7185537
533,005930,2019-09-03,43550.0,43650.0,43100.0,43250.0,550,9774941
534,005930,2019-09-04,43250.0,44100.0,43150.0,44100.0,850,12441837
535,005930,2019-09-05,44800.0,46100.0,44450.0,45700.0,1600,18297430
536,005930,2019-09-06,46500.0,46500.0,45850.0,46300.0,600,9896562
537,005930,2019-09-09,46450.0,47000.0,46300.0,46900.0,600,9434157
538,005930,2019-09-10,47100.0,47200.0,46550.0,47000.0,100,9231792
539,005930,2019-09-11,47300.0,47400.0,46800.0,47150.0,150,16141619
540,005930,2019-09-16,47000.0,47100.0,46400.0,47100.0,50,15550926
541,005930,2019-09-17,47000.0,47100.0,46800.0,46900.0,200,7006280
542,005930,2019-09-18,46900.0,47700.0,46800.0,47700.0,800,10413027
543,005930,2019-09-19,48050.0,49200.0,47850.0,49150.0,1450,16461413
544,005930,2019-09-20,49400.0,49600.0,49100.0,49200.0,50,15460210
545,005930,2019-09-23,49250.0,49300.0,49000.0,49300.0,100,7568553
546,005930,2019-09-24,49050.0,49650.0,48850.0,49500.0,200,7871955
547,005930,2019-09-25,49200.0,49350.0,48800.0,48900.0,600,9187141
548,005930,2019-09-26,49000.0,49250.0,48900.0,49200.0,300,8494756
549,005930,2019-09-27,48000.0,48700.0,48000.0,48400.0,800,8048041
550,005930,2019-09-30,48050.0,49250.0,47900.0,49050.0,650,9497119
551,005930,2019-10-01,48900.0,49100.0,48650.0,48850.0,200,6206035
552,005930,2019-10-02,48350.0,48400.0,47600.0,47600.0,1250,8382463
553,005930,2019-10-04,47400.0,48650.0,47350.0,48000.0,400,9331695
554,005930,2019-10-07,48350.0,48700.0,47650.0,47750.0,250,7047273
555,005930,2019-10-08,47900.0,49000.0,47600.0,48900.0,1150,14239367
556,005930,2019-10-10,48200.0,49200.0,48000.0,48550.0,350,18639855
557,005930,2019-10-11,49000.0,49450.0,48800.0,49150.0,600,7783275
558,005930,2019-10-14,50000.0,50300.0,49850.0,50000.0,850,11130635
559,005930,2019-10-15,49900.0,50200.0,49900.0,50100.0,100,6058105
560,005930,2019-10-16,50700.0,50900.0,50400.0,50700.0,600,9136282
561,005930,2019-10-17,50500.0,50600.0,50100.0,50500.0,200,6701380
562,005930,2019-10-18,50300.0,50900.0,49650.0,49900.0,600,8483106
563,005930,2019-10-21,49900.0,50400.0,49800.0,50300.0,400,4406531
564,005930,2019-10-22,50800.0,51500.0,50700.0,51200.0,900,10898729
565,005930,2019-10-23,51300.0,51500.0,50800.0,51200.0,0,8663880
566,005930,2019-10-24,52500.0,52500.0,50500.0,50700.0,500,21185785
567,005930,2019-10-25,50800.0,51200.0,50500.0,50900.0,200,7879897
568,005930,2019-10-28,50700.0,51500.0,50700.0,51300.0,400,6431522
569,005930,2019-10-29,51400.0,51700.0,50800.0,51100.0,200,7581629
570,005930,2019-10-30,50700.0,50800.0,50200.0,50400.0,700,8959435
571,005930,2019-10-31,51000.0,51400.0,50300.0,50400.0,0,10304777
572,005930,2019-11-01,50600.0,51200.0,50400.0,51200.0,800,8467846
573,005930,2019-11-04,51700.0,52300.0,51400.0,52300.0,1100,13012411
574,005930,2019-11-05,52400.0,52700.0,52100.0,52700.0,400,10581034
575,005930,2019-11-06,52900.0,53500.0,52700.0,53300.0,600,14361133
576,005930,2019-11-07,53400.0,53400.0,52400.0,52900.0,400,9257116
577,005930,2019-11-08,53200.0,53300.0,52000.0,52100.0,800,11603290
578,005930,2019-11-11,52200.0,52200.0,51400.0,51600.0,500,8185952
579,005930,2019-11-12,51800.0,52600.0,51600.0,52600.0,1000,6576148
580,005930,2019-11-13,52500.0,52500.0,52000.0,52500.0,100,6225196
581,005930,2019-11-14,51900.0,52800.0,51900.0,52800.0,300,12010018
582,005930,2019-11-15,52900.0,53700.0,52600.0,53700.0,900,9703360
583,005930,2019-11-18,53600.0,53800.0,53200.0,53500.0,200,7746554
584,005930,2019-11-19,53200.0,53500.0,52700.0,53500.0,0,8907177
585,005930,2019-11-20,53400.0,53400.0,52000.0,52000.0,1500,12560070
586,005930,2019-11-21,51600.0,52100.0,50600.0,51000.0,1000,14298646
587,005930,2019-11-22,51000.0,51600.0,50900.0,51600.0,600,8478310
588,005930,2019-11-25,52200.0,52600.0,51700.0,51800.0,200,9050625
589,005930,2019-11-26,51900.0,52900.0,51800.0,51800.0,0,27372226
590,005930,2019-11-27,51800.0,52300.0,51600.0,52200.0,400,7546261
591,005930,2019-11-28,51900.0,52100.0,51300.0,51300.0,900,6833885
592,005930,2019-11-29,51200.0,51400.0,50200.0,50300.0,1000,11179334
593,005930,2019-12-02,50900.0,51300.0,50400.0,50400.0,100,18877252
594,005930,2019-12-03,49800.0,50300.0,49500.0,49900.0,500,12059812
595,005930,2019-12-04,49600.0,49850.0,49000.0,49450.0,450,13246549
596,005930,2019-12-05,50200.0,50400.0,49500.0,49500.0,50,10449715
597,005930,2019-12-06,50100.0,50900.0,49950.0,50400.0,900,11414563
598,005930,2019-12-09,50900.0,51400.0,50700.0,51200.0,800,8470627
599,005930,2019-12-10,51000.0,51600.0,50700.0,51500.0,300,6882771
600,005930,2019-12-11,51500.0,52200.0,51400.0,51900.0,400,11379521
601,005930,2019-12-12,53000.0,53300.0,52700.0,53300.0,1400,29178697
602,005930,2019-12-13,54500.0,54800.0,53900.0,54700.0,1400,18120261
603,005930,2019-12-16,54500.0,54900.0,54300.0,54700.0,0,11512405
604,005930,2019-12-17,55800.0,56700.0,55400.0,56700.0,2000,19358433
605,005930,2019-12-18,56700.0,57200.0,56000.0,56300.0,400,15558208
606,005930,2019-12-19,57000.0,57300.0,55500.0,56000.0,300,14180520
607,005930,2019-12-20,56100.0,56500.0,55600.0,56000.0,0,12095519
608,005930,2019-12-23,56100.0,56400.0,55100.0,55500.0,500,9839252
609,005930,2019-12-24,55600.0,55700.0,54800.0,55000.0,500,11868463
610,005930,2019-12-26,54700.0,55400.0,54400.0,55400.0,400,9645034
611,005930,2019-12-27,55700.0,56900.0,55500.0,56500.0,1100,12313056
612,005930,2019-12-30,56200.0,56600.0,55700.0,55800.0,700,8356767
613,005930,2020-01-02,55500.0,56000.0,55000.0,55200.0,600,12993228
614,005930,2020-01-03,56000.0,56600.0,54900.0,55500.0,300,15422255
615,005930,2020-01-06,54900.0,55600.0,54600.0,55500.0,0,10278951
616,005930,2020-01-07,55700.0,56400.0,55600.0,55800.0,300,10009778
617,005930,2020-01-08,56200.0,57400.0,55900.0,56800.0,1000,23501171
618,005930,2020-01-09,58400.0,58600.0,57400.0,58600.0,1800,24102579
619,005930,2020-01-10,58800.0,59700.0,58300.0,59500.0,900,16000170
620,005930,2020-01-13,59600.0,60000.0,59100.0,60000.0,500,11359139
621,005930,2020-01-14,60400.0,61000.0,59900.0,60000.0,0,16906295
622,005930,2020-01-15,59500.0,59600.0,58900.0,59000.0,1000,14300928
623,005930,2020-01-16,59100.0,60700.0,59000.0,60700.0,1700,14381774
624,005930,2020-01-17,61900.0,62000.0,61000.0,61300.0,600,16025661
625,005930,2020-01-20,62000.0,62800.0,61700.0,62400.0,1100,12528855
626,005930,2020-01-21,62000.0,62400.0,61200.0,61400.0,1000,11142693
627,005930,2020-01-22,60500.0,62600.0,60400.0,62300.0,900,15339565
628,005930,2020-01-23,61800.0,61800.0,60700.0,60800.0,1500,14916555
629,005930,2020-01-28,59400.0,59400.0,58300.0,58800.0,2000,23664541
630,005930,2020-01-29,59100.0,59700.0,58800.0,59100.0,300,16446102
631,005930,2020-01-30,58800.0,58800.0,56800.0,57200.0,1900,20821939
632,005930,2020-01-31,57800.0,58400.0,56400.0,56400.0,800,19749457
633,005930,2020-02-03,55500.0,57400.0,55200.0,57200.0,800,23995260
634,005930,2020-02-04,57100.0,59000.0,56800.0,58900.0,1700,21800192
635,005930,2020-02-05,60000.0,60200.0,58900.0,59500.0,600,19278165
636,005930,2020-02-06,60100.0,61100.0,59700.0,61100.0,1600,14727159
637,005930,2020-02-07,61100.0,61200.0,59700.0,60400.0,700,16402493
638,005930,2020-02-10,59200.0,59800.0,59100.0,59700.0,700,13107121
639,005930,2020-02-11,59800.0,60700.0,59700.0,59900.0,200,11071231
640,005930,2020-02-12,60300.0,60700.0,59700.0,60500.0,600,12904207
641,005930,2020-02-13,61200.0,61600.0,60500.0,60700.0,200,18449775
642,005930,2020-02-14,60900.0,61900.0,60200.0,61800.0,1100,13276067
643,005930,2020-02-17,61600.0,62000.0,61200.0,61500.0,300,8740596
644,005930,2020-02-18,60800.0,60900.0,59700.0,59800.0,1700,16674266
645,005930,2020-02-19,59800.0,60400.0,59400.0,60200.0,400,12951496
646,005930,2020-02-20,60700.0,61300.0,59600.0,60000.0,200,14591924
647,005930,2020-02-21,58800.0,59800.0,58500.0,59200.0,800,13777393
648,005930,2020-02-24,57400.0,58100.0,56800.0,56800.0,2400,25627537
649,005930,2020-02-25,56200.0,58000.0,56200.0,57900.0,1100,23885408
650,005930,2020-02-26,56000.0,57000.0,56000.0,56500.0,1400,25483102
651,005930,2020-02-27,56300.0,56900.0,55500.0,55900.0,600,23209541
652,005930,2020-02-28,55000.0,55500.0,54200.0,54200.0,1700,30054227
653,005930,2020-03-02,54300.0,55500.0,53600.0,55000.0,800,30403412
654,005930,2020-03-03,56700.0,56900.0,55100.0,55400.0,400,30330295
655,005930,2020-03-04,54800.0,57600.0,54600.0,57400.0,2000,24765728
656,005930,2020-03-05,57600.0,58000.0,56700.0,57800.0,400,21698990
657,005930,2020-03-06,56500.0,57200.0,56200.0,56500.0,1300,18716656
658,005930,2020-03-09,54700.0,55000.0,53600.0,54200.0,2300,30261485
659,005930,2020-03-10,53800.0,54900.0,53700.0,54600.0,400,32106554
660,005930,2020-03-11,54300.0,54400.0,52000.0,52100.0,2500,45707281
661,005930,2020-03-12,51000.0,51900.0,49300.0,50800.0,1300,48149999
662,005930,2020-03-13,47450.0,51600.0,46850.0,49950.0,850,59462933
663,005930,2020-03-16,50100.0,50900.0,48800.0,48900.0,1050,33339821
664,005930,2020-03-17,46900.0,49650.0,46700.0,47300.0,1600,51218151
665,005930,2020-03-18,47750.0,48350.0,45600.0,45600.0,1700,40152623
666,005930,2020-03-19,46400.0,46650.0,42300.0,42950.0,2650,56925513
667,005930,2020-03-20,44150.0,45500.0,43550.0,45400.0,2450,49730008
668,005930,2020-03-23,42600.0,43550.0,42400.0,42500.0,2900,41701626
669,005930,2020-03-24,43850.0,46950.0,43050.0,46950.0,4450,49801908
670,005930,2020-03-25,48950.0,49600.0,47150.0,48650.0,1700,52735922
671,005930,2020-03-26,49000.0,49300.0,47700.0,47800.0,850,42185129
672,005930,2020-03-27,49600.0,49700.0,46850.0,48300.0,500,39896178
673,005930,2020-03-30,47050.0,48350.0,46550.0,47850.0,450,26797395
674,005930,2020-03-31,48000.0,48500.0,47150.0,47750.0,100,30654261
675,005930,2020-04-01,47450.0,47900.0,45800.0,45800.0,1950,27259532
676,005930,2020-04-02,46200.0,46850.0,45350.0,46800.0,1000,21621076
677,005930,2020-04-03,47400.0,47600.0,46550.0,47000.0,200,22784682
678,005930,2020-04-06,47500.0,48800.0,47250.0,48700.0,1700,23395726
679,005930,2020-04-07,49650.0,50200.0,49000.0,49600.0,900,31524034
680,005930,2020-04-08,49600.0,49750.0,48600.0,48600.0,1000,25010314
681,005930,2020-04-09,49750.0,49800.0,48700.0,49100.0,500,22628058
682,005930,2020-04-10,48950.0,49250.0,48650.0,49250.0,150,17839111
683,005930,2020-04-13,48650.0,48900.0,48300.0,48300.0,950,14431800
684,005930,2020-04-14,48800.0,49200.0,48300.0,49000.0,700,14206216
685,005930,2020-04-16,49350.0,49350.0,48550.0,49000.0,0,23349760
686,005930,2020-04-17,50800.0,52000.0,50300.0,51400.0,2400,32041675
687,005930,2020-04-20,51400.0,51400.0,50000.0,50100.0,1300,21866354
688,005930,2020-04-21,49400.0,49700.0,48700.0,49250.0,850,27407543
689,005930,2020-04-22,48700.0,50000.0,48350.0,49850.0,600,18613864
690,005930,2020-04-23,50200.0,50300.0,49500.0,49850.0,0,18754442
691,005930,2020-04-24,49650.0,49750.0,49000.0,49350.0,500,15618347
692,005930,2020-04-27,49350.0,50000.0,49100.0,49850.0,500,14049471
693,005930,2020-04-28,49850.0,50100.0,49300.0,50100.0,250,16095399
694,005930,2020-04-29,49900.0,50500.0,49600.0,50000.0,100,15604533
695,005930,2020-05-04,48900.0,49100.0,48500.0,48500.0,1500,26083749
696,005930,2020-05-06,49000.0,49200.0,48500.0,49200.0,700,18070225
697,005930,2020-05-07,49200.0,49300.0,48700.0,48800.0,400,13884411
698,005930,2020-05-08,49100.0,49350.0,48800.0,48800.0,0,15319700
699,005930,2020-05-11,48900.0,49250.0,48300.0,48400.0,400,16357743
700,005930,2020-05-12,48400.0,48500.0,47550.0,47900.0,500,23433590
701,005930,2020-05-13,47250.0,48550.0,47200.0,48550.0,650,20223277
702,005930,2020-05-14,47750.0,48100.0,47650.0,48000.0,550,19305974
703,005930,2020-05-15,48400.0,48450.0,47700.0,47850.0,150,18463118
704,005930,2020-05-18,47950.0,49100.0,47600.0,48800.0,950,20481981
705,005930,2020-05-19,50100.0,50500.0,49700.0,50300.0,1500,25168295
706,005930,2020-05-20,50000.0,50200.0,49800.0,50000.0,300,14896899
707,005930,2020-05-21,50300.0,50400.0,49850.0,49950.0,50,14949266
708,005930,2020-05-22,49600.0,49800.0,48600.0,48750.0,1200,19706284
709,005930,2020-05-25,48750.0,48900.0,48450.0,48850.0,100,14337913
710,005930,2020-05-26,48700.0,49450.0,48600.0,49250.0,400,15127490
711,005930,2020-05-27,48950.0,50000.0,48800.0,49900.0,650,19548479
712,005930,2020-05-28,51100.0,51200.0,49900.0,50400.0,500,31309318
713,005930,2020-05-29,50000.0,50700.0,49700.0,50700.0,300,27596961
714,005930,2020-06-01,50800.0,51200.0,50600.0,51200.0,500,16949183
715,005930,2020-06-02,51000.0,51500.0,50800.0,51400.0,200,14247933
716,005930,2020-06-03,51800.0,55000.0,51700.0,54500.0,3100,49257814
717,005930,2020-06-04,55800.0,57000.0,54600.0,54600.0,100,40220334
718,005930,2020-06-05,54400.0,55900.0,54000.0,55500.0,900,22743629
719,005930,2020-06-08,56400.0,56500.0,54700.0,54900.0,600,25634965
720,005930,2020-06-09,55800.0,56500.0,54400.0,55500.0,600,23998831
721,005930,2020-06-10,55100.0,55900.0,54900.0,55400.0,100,16742493
722,005930,2020-06-11,54500.0,55100.0,53200.0,54300.0,1100,33815123
723,005930,2020-06-12,52100.0,52800.0,51500.0,52300.0,2000,26976019
724,005930,2020-06-15,51400.0,52000.0,49900.0,49900.0,2400,28772921
725,005930,2020-06-16,51200.0,52100.0,50600.0,52100.0,2200,21808375
726,005930,2020-06-17,52100.0,52900.0,51300.0,52200.0,100,26672595
727,005930,2020-06-18,52200.0,52300.0,51600.0,52300.0,100,15982926
728,005930,2020-06-19,52600.0,52900.0,51600.0,52900.0,600,18157985
729,005930,2020-06-22,52000.0,52600.0,51800.0,52000.0,900,13801350
730,005930,2020-06-23,52500.0,52800.0,51100.0,51400.0,600,18086152
731,005930,2020-06-24,51900.0,53900.0,51600.0,52900.0,1500,24519552
732,005930,2020-06-25,52100.0,53000.0,51900.0,51900.0,1000,18541624
733,005930,2020-06-26,52800.0,53900.0,52200.0,53300.0,1400,21575360
734,005930,2020-06-29,52500.0,53200.0,52000.0,52400.0,900,17776925
735,005930,2020-06-30,53900.0,53900.0,52800.0,52800.0,400,21157172
736,005930,2020-07-01,53400.0,53600.0,52400.0,52600.0,200,16706143
737,005930,2020-07-02,52100.0,52900.0,52100.0,52900.0,300,14142583
738,005930,2020-07-03,53000.0,53600.0,52700.0,53600.0,700,11887868
739,005930,2020-07-06,54000.0,55000.0,53800.0,55000.0,1400,19856623
740,005930,2020-07-07,55800.0,55900.0,53400.0,53400.0,1600,30760032
741,005930,2020-07-08,53600.0,53900.0,52900.0,53000.0,400,19664652
742,005930,2020-07-09,53200.0,53600.0,52800.0,52800.0,200,17054850
743,005930,2020-07-10,53100.0,53200.0,52300.0,52700.0,100,13714746
744,005930,2020-07-13,53300.0,53800.0,53100.0,53400.0,700,12240188
745,005930,2020-07-14,53700.0,53800.0,53200.0,53800.0,400,14269484
746,005930,2020-07-15,54400.0,55000.0,54300.0,54700.0,900,24051450
747,005930,2020-07-16,54800.0,54800.0,53800.0,53800.0,900,16779127
748,005930,2020-07-17,54200.0,54700.0,54100.0,54400.0,600,10096174
749,005930,2020-07-20,54800.0,54800.0,54000.0,54200.0,200,10507530
750,005930,2020-07-21,55200.0,55400.0,54800.0,55300.0,1100,18297260
751,005930,2020-07-22,55300.0,55500.0,54700.0,54700.0,600,12885057
752,005930,2020-07-23,54700.0,54700.0,53800.0,54100.0,600,16214932
753,005930,2020-07-24,54000.0,54400.0,53700.0,54200.0,100,10994535
754,005930,2020-07-27,54300.0,55700.0,54300.0,55600.0,1400,21054421
755,005930,2020-07-28,57000.0,58800.0,56400.0,58600.0,3000,48431566
756,005930,2020-07-29,60300.0,60400.0,58600.0,59000.0,400,36476611
757,005930,2020-07-30,59700.0,60100.0,59000.0,59000.0,0,19285354
758,005930,2020-07-31,59500.0,59600.0,57700.0,57900.0,1100,21943345
759,005930,2020-08-03,57800.0,57900.0,56700.0,56800.0,1100,21158940
760,005930,2020-08-04,57200.0,58100.0,57000.0,57300.0,500,19419694
761,005930,2020-08-05,57300.0,57500.0,56300.0,56900.0,400,17739706
762,005930,2020-08-06,57100.0,58400.0,57100.0,58000.0,1100,21625874
763,005930,2020-08-07,57900.0,58400.0,57100.0,57500.0,500,18751717
764,005930,2020-08-10,57600.0,58300.0,57500.0,57800.0,300,17774291
765,005930,2020-08-11,58000.0,59500.0,57800.0,58200.0,400,24907912
766,005930,2020-08-12,58200.0,59000.0,57700.0,59000.0,800,18573934
767,005930,2020-08-13,59400.0,59600.0,58000.0,58700.0,300,22089460
768,005930,2020-08-14,58000.0,58400.0,57700.0,58000.0,700,15672548
769,005930,2020-08-18,58900.0,59900.0,58000.0,58400.0,400,25307825
770,005930,2020-08-19,59000.0,59200.0,57800.0,57800.0,600,16930719
771,005930,2020-08-20,57600.0,57600.0,55300.0,55400.0,2400,30386029
772,005930,2020-08-21,56200.0,56900.0,55800.0,55900.0,500,21142288
773,005930,2020-08-24,55800.0,56600.0,55400.0,56100.0,200,15055896
774,005930,2020-08-25,56400.0,56800.0,56100.0,56400.0,300,14021705
775,005930,2020-08-26,56400.0,56500.0,55700.0,56400.0,0,17651593
776,005930,2020-08-27,56300.0,56300.0,55600.0,55600.0,800,16196568
777,005930,2020-08-28,56100.0,56300.0,55400.0,55400.0,200,14619888
778,005930,2020-08-31,56000.0,56100.0,54000.0,54000.0,1400,32671367
779,005930,2020-09-01,54100.0,54800.0,54100.0,54200.0,200,19363117
780,005930,2020-09-02,54600.0,55100.0,54100.0,54400.0,200,16905723
781,005930,2020-09-03,55600.0,56700.0,55500.0,56400.0,2000,28384920
782,005930,2020-09-04,55200.0,55800.0,55100.0,55600.0,800,22139109
783,005930,2020-09-07,56100.0,57300.0,55800.0,56500.0,900,18685880
784,005930,2020-09-08,57400.0,58700.0,57200.0,58700.0,2200,31517520
785,005930,2020-09-09,58200.0,59300.0,57800.0,58400.0,300,30597399
786,005930,2020-09-10,59900.0,60000.0,59100.0,59200.0,800,29923293
787,005930,2020-09-11,59300.0,59400.0,58200.0,59000.0,200,16017098
788,005930,2020-09-14,60200.0,60800.0,59900.0,60400.0,1400,20648281
789,005930,2020-09-15,60900.0,61000.0,60500.0,61000.0,600,17877075
790,005930,2020-09-16,61100.0,61300.0,60600.0,61000.0,0,17041444
791,005930,2020-09-17,60700.0,60800.0,59300.0,59500.0,1500,25108356
792,005930,2020-09-18,59800.0,59900.0,59100.0,59300.0,200,18884571
793,005930,2020-09-21,59100.0,60000.0,59000.0,59200.0,100,15140387
794,005930,2020-09-22,59100.0,59700.0,57800.0,58200.0,1000,20830381
795,005930,2020-09-23,58400.0,58800.0,57400.0,58600.0,400,20111398
796,005930,2020-09-24,57700.0,58600.0,57600.0,57800.0,800,17564020
797,005930,2020-09-25,57700.0,58200.0,57700.0,57900.0,100,11444683
798,005930,2020-09-28,58300.0,58800.0,57900.0,58200.0,300,12614080
799,005930,2020-09-29,58300.0,59000.0,58200.0,58200.0,0,15503563
800,005930,2020-10-05,57500.0,59200.0,57500.0,58700.0,500,20228289
801,005930,2020-10-06,59400.0,59900.0,58700.0,59000.0,300,14463826
802,005930,2020-10-07,58700.0,59900.0,58500.0,59900.0,900,14861838
803,005930,2020-10-08,60500.0,60700.0,59500.0,59700.0,200,24589924
804,005930,2020-10-12,60000.0,60400.0,59900.0,60400.0,700,16145837
805,005930,2020-10-13,61000.0,61400.0,60400.0,60900.0,500,19247631
806,005930,2020-10-14,61000.0,61100.0,60500.0,60900.0,0,16086716
807,005930,2020-10-15,60700.0,60800.0,59700.0,60000.0,900,17756232
808,005930,2020-10-16,60000.0,60400.0,59000.0,59500.0,500,16554190
809,005930,2020-10-19,59600.0,60200.0,59500.0,60000.0,500,14474985
810,005930,2020-10-20,60300.0,60900.0,60100.0,60900.0,900,19326115
811,005930,2020-10-21,61200.0,61500.0,60600.0,60900.0,0,15703443
812,005930,2020-10-22,60300.0,60500.0,59800.0,60100.0,800,14294095
813,005930,2020-10-23,60400.0,60400.0,59800.0,60200.0,100,9322232
814,005930,2020-10-26,60400.0,61100.0,60100.0,60400.0,200,13268226
815,005930,2020-10-27,60300.0,60300.0,59500.0,59800.0,600,17260416
816,005930,2020-10-28,59400.0,59400.0,58800.0,59000.0,800,14428882
817,005930,2020-10-29,58200.0,58500.0,57500.0,58100.0,900,22636966
818,005930,2020-10-30,58000.0,58000.0,56600.0,56600.0,1500,26907844
819,005930,2020-11-02,56400.0,57500.0,56000.0,57400.0,800,20489076
820,005930,2020-11-03,57900.0,58900.0,57600.0,58800.0,1400,14950919
821,005930,2020-11-04,58900.0,59000.0,57800.0,58500.0,300,21718561
822,005930,2020-11-05,59000.0,60300.0,58800.0,60300.0,1800,20639475
823,005930,2020-11-06,60700.0,60800.0,59600.0,60100.0,200,16910230
824,005930,2020-11-09,60700.0,60900.0,60100.0,60200.0,100,15892961
825,005930,2020-11-10,60500.0,60500.0,59500.0,60200.0,0,19073552
826,005930,2020-11-11,60700.0,61400.0,60400.0,61300.0,1100,25628510
827,005930,2020-11-12,61000.0,61400.0,60700.0,61000.0,300,19800573
828,005930,2020-11-13,61300.0,63200.0,61000.0,63200.0,2200,31508829
829,005930,2020-11-16,64000.0,66700.0,63900.0,66300.0,3100,36354334
830,005930,2020-11-17,67000.0,67000.0,65600.0,65700.0,600,30204089
831,005930,2020-11-18,65700.0,66200.0,64700.0,64800.0,900,22963790
832,005930,2020-11-19,64100.0,64800.0,63900.0,64600.0,200,16590290
833,005930,2020-11-20,63900.0,65200.0,63900.0,64700.0,100,15068682
834,005930,2020-11-23,64800.0,67800.0,64700.0,67500.0,2800,27134398
835,005930,2020-11-24,67900.0,69500.0,67000.0,67700.0,200,32158235
836,005930,2020-11-25,67900.0,68300.0,66500.0,66600.0,1100,32447065
837,005930,2020-11-26,66100.0,68000.0,66000.0,68000.0,1400,19023323
838,005930,2020-11-27,68000.0,68400.0,67600.0,68200.0,200,14063434
839,005930,2020-11-30,68400.0,68600.0,66700.0,66700.0,1500,43811016
840,005930,2020-12-01,67100.0,68300.0,67100.0,67800.0,1100,22327173
841,005930,2020-12-02,68400.0,69900.0,68300.0,69500.0,1700,29703942
842,005930,2020-12-03,70100.0,70500.0,69300.0,69700.0,200,23677989
843,005930,2020-12-04,70400.0,72100.0,70100.0,71500.0,1800,28130533
844,005930,2020-12-07,72400.0,73500.0,71900.0,72900.0,1400,28490496
845,005930,2020-12-08,72200.0,72900.0,71600.0,71700.0,1200,25000338
846,005930,2020-12-09,72100.0,73900.0,72000.0,73900.0,2200,24077996
847,005930,2020-12-10,72700.0,73800.0,72500.0,72900.0,1000,39882928
848,005930,2020-12-11,73500.0,73800.0,73100.0,73400.0,500,18486672
849,005930,2020-12-14,73600.0,74500.0,73200.0,73800.0,400,21510415
850,005930,2020-12-15,73800.0,74100.0,73300.0,73800.0,0,20863671
851,005930,2020-12-16,74100.0,74500.0,73400.0,73800.0,0,17512081
852,005930,2020-12-17,73400.0,73700.0,72600.0,73300.0,500,24293214
853,005930,2020-12-18,73300.0,73700.0,73000.0,73000.0,300,17613029
854,005930,2020-12-21,73100.0,73400.0,72000.0,73000.0,0,20367355
855,005930,2020-12-22,72500.0,73200.0,72100.0,72300.0,700,16304910
856,005930,2020-12-23,72400.0,74000.0,72300.0,73900.0,1600,19411326
857,005930,2020-12-24,74100.0,78800.0,74000.0,77800.0,3900,32502870
858,005930,2020-12-28,79000.0,80100.0,78200.0,78700.0,900,40085044
859,005930,2020-12-29,78800.0,78900.0,77300.0,78300.0,400,30339449
860,005930,2020-12-30,77400.0,81300.0,77300.0,81000.0,2700,29417421
861,005930,2021-01-04,81000.0,84400.0,80200.0,83000.0,2000,38655276
862,005930,2021-01-05,81600.0,83900.0,81600.0,83900.0,900,35335669
863,005930,2021-01-06,83300.0,84500.0,82100.0,82200.0,1700,42089013
864,005930,2021-01-07,82800.0,84200.0,82700.0,82900.0,700,32644642
865,005930,2021-01-08,83300.0,90000.0,83000.0,88800.0,5900,59013307
866,005930,2021-01-11,90000.0,96800.0,89500.0,91000.0,2200,90306177
867,005930,2021-01-12,90300.0,91400.0,87800.0,90600.0,400,48682416
868,005930,2021-01-13,89800.0,91200.0,89100.0,89700.0,900,36068848
869,005930,2021-01-14,88700.0,90000.0,88700.0,89700.0,0,26393970
870,005930,2021-01-15,89800.0,91800.0,88000.0,88000.0,1700,33431809
871,005930,2021-01-18,86600.0,87300.0,84100.0,85000.0,3000,43227951
872,005930,2021-01-19,84500.0,88000.0,83600.0,87000.0,2000,39895044
873,005930,2021-01-20,89000.0,89000.0,86500.0,87200.0,200,25211127
874,005930,2021-01-21,87500.0,88600.0,86500.0,88100.0,900,25318011
875,005930,2021-01-22,89000.0,89700.0,86800.0,86800.0,1300,30861661
876,005930,2021-01-25,87000.0,89900.0,86300.0,89400.0,2600,27258534
877,005930,2021-01-26,88800.0,89200.0,86500.0,86700.0,2700,33178936
878,005930,2021-01-27,86600.0,87700.0,85600.0,85600.0,1100,26423070
879,005930,2021-01-28,83200.0,85600.0,83200.0,83700.0,1900,31859808
880,005930,2021-01-29,84500.0,85000.0,82000.0,82000.0,1700,39615978
881,005930,2021-02-01,81700.0,83400.0,81000.0,83000.0,1000,28046832
882,005930,2021-02-02,84100.0,86400.0,83700.0,84400.0,1400,26302077
883,005930,2021-02-03,84800.0,85400.0,83400.0,84600.0,200,22112205
884,005930,2021-02-04,83500.0,83800.0,82100.0,82500.0,2100,24171688
885,005930,2021-02-05,83100.0,84000.0,82500.0,83500.0,1000,18036835
886,005930,2021-02-08,83800.0,84200.0,83000.0,83000.0,500,15338765
887,005930,2021-02-09,84000.0,84800.0,82700.0,82700.0,300,20898332
888,005930,2021-02-10,82600.0,82600.0,81600.0,81600.0,1100,23025766
889,005930,2021-02-15,83800.0,84500.0,83300.0,84200.0,2600,23529706
890,005930,2021-02-16,84500.0,86000.0,84200.0,84900.0,700,20483100
891,005930,2021-02-17,83900.0,84200.0,83000.0,83200.0,1700,18307735
892,005930,2021-02-18,83200.0,83600.0,82100.0,82100.0,1100,21327683
893,005930,2021-02-19,82300.0,82800.0,81000.0,82600.0,500,25880879
894,005930,2021-02-22,83800.0,84200.0,82200.0,82200.0,400,25419886
895,005930,2021-02-23,81200.0,82900.0,81100.0,82000.0,200,20587314
896,005930,2021-02-24,81800.0,83600.0,81300.0,82000.0,0,26807651
897,005930,2021-02-25,84000.0,85400.0,83000.0,85300.0,3300,34155986
898,005930,2021-02-26,82800.0,83400.0,82000.0,82500.0,2800,38520800
899,005930,2021-03-02,85100.0,85300.0,83000.0,83600.0,1100,33498180
900,005930,2021-03-03,83500.0,84000.0,82800.0,84000.0,400,19882132
901,005930,2021-03-04,82600.0,83200.0,82200.0,82400.0,1600,24348331
902,005930,2021-03-05,81100.0,82600.0,81100.0,82100.0,300,20508971
903,005930,2021-03-08,82900.0,83000.0,81600.0,82000.0,100,17641256
904,005930,2021-03-09,81400.0,81900.0,80600.0,81400.0,600,25420764
905,005930,2021-03-10,82400.0,82500.0,80700.0,80900.0,500,20038422
906,005930,2021-03-11,81000.0,82500.0,81000.0,82000.0,1100,23818297
907,005930,2021-03-12,83100.0,83500.0,82400.0,82800.0,800,13530573
908,005930,2021-03-15,82800.0,82900.0,81800.0,81800.0,1000,13735798
909,005930,2021-03-16,82200.0,83000.0,82100.0,82800.0,1000,12293537
910,005930,2021-03-17,82800.0,82900.0,82000.0,82300.0,500,11625146
911,005930,2021-03-18,82800.0,83800.0,82600.0,82900.0,600,18585244
912,005930,2021-03-19,82100.0,82500.0,81800.0,81900.0,1000,15869700
913,005930,2021-03-22,82000.0,82300.0,81700.0,82000.0,100,12670506
914,005930,2021-03-23,82600.0,82900.0,81800.0,81800.0,200,13299907
915,005930,2021-03-24,81000.0,81600.0,80700.0,81000.0,800,17926638
916,005930,2021-03-25,81000.0,82100.0,80800.0,81200.0,200,14758826
917,005930,2021-03-26,81400.0,81600.0,81000.0,81500.0,300,12845778
918,005930,2021-03-29,81700.0,81700.0,81000.0,81600.0,100,14952134
919,005930,2021-03-30,81600.0,82300.0,81300.0,82200.0,600,13121698
920,005930,2021-03-31,82400.0,82700.0,81400.0,81400.0,800,17240518
921,005930,2021-04-01,82500.0,83000.0,82000.0,82900.0,1500,18676461
922,005930,2021-04-02,84000.0,85200.0,83900.0,84800.0,1900,22997538
923,005930,2021-04-05,85800.0,86000.0,84800.0,85400.0,600,16255990
924,005930,2021-04-06,86200.0,86200.0,85100.0,86000.0,600,19042023
925,005930,2021-04-07,86100.0,86200.0,85400.0,85600.0,400,17885538
926,005930,2021-04-08,85700.0,85700.0,84100.0,84700.0,900,19244259
927,005930,2021-04-09,84700.0,84900.0,83400.0,83600.0,1100,18193707
928,005930,2021-04-12,84100.0,84100.0,83100.0,83200.0,400,12915282
929,005930,2021-04-13,83000.0,84500.0,82800.0,84000.0,800,15238206
930,005930,2021-04-14,84000.0,84300.0,83400.0,84000.0,0,13794652
931,005930,2021-04-15,83700.0,84500.0,83400.0,84100.0,100,16377412
932,005930,2021-04-16,84700.0,84700.0,83600.0,83900.0,200,15429522
933,005930,2021-04-19,83800.0,84000.0,83300.0,83300.0,600,15287311
934,005930,2021-04-20,83300.0,84000.0,83100.0,83900.0,600,15521965
935,005930,2021-04-21,83300.0,83500.0,82500.0,82600.0,1300,21636079
936,005930,2021-04-22,82900.0,83000.0,82400.0,82400.0,200,13934746
937,005930,2021-04-23,81900.0,82900.0,81600.0,82800.0,400,17805080
938,005930,2021-04-26,82900.0,83500.0,82600.0,83500.0,700,15489938
939,005930,2021-04-27,83200.0,83300.0,82500.0,82900.0,600,12941533
940,005930,2021-04-28,83200.0,83200.0,82100.0,82100.0,800,15596759
941,005930,2021-04-29,82400.0,82500.0,81500.0,81700.0,400,20000973
942,005930,2021-04-30,81900.0,82100.0,81500.0,81500.0,200,18673197
943,005930,2021-05-03,81000.0,82400.0,81000.0,81700.0,200,15710336
944,005930,2021-05-04,81900.0,82600.0,81800.0,82600.0,900,12532550
945,005930,2021-05-06,81700.0,82300.0,81700.0,82300.0,300,17047511
946,005930,2021-05-07,81800.0,82100.0,81500.0,81900.0,400,14154882
947,005930,2021-05-10,82300.0,83500.0,81800.0,83200.0,1300,19385027
948,005930,2021-05-11,82500.0,82600.0,81100.0,81200.0,2000,28996680
949,005930,2021-05-12,80800.0,81200.0,79800.0,80000.0,1200,35812268
950,005930,2021-05-13,78900.0,79600.0,78400.0,78500.0,1500,31490096
951,005930,2021-05-14,79000.0,80300.0,78900.0,80100.0,1600,16450920
952,005930,2021-05-17,80800.0,80900.0,79200.0,79600.0,500,17740855
953,005930,2021-05-18,79600.0,80000.0,79100.0,79600.0,0,17494407
954,005930,2021-05-20,79400.0,79700.0,79100.0,79500.0,100,16541828
955,005930,2021-05-21,80100.0,81500.0,79800.0,80100.0,600,20961714
956,005930,2021-05-24,80100.0,80400.0,79500.0,79700.0,400,13398666
957,005930,2021-05-25,80000.0,80400.0,79800.0,79900.0,200,13628942
958,005930,2021-05-26,80400.0,80500.0,79700.0,79800.0,100,11984359
959,005930,2021-05-27,80000.0,80000.0,79100.0,79600.0,200,23198510
960,005930,2021-05-28,79800.0,80400.0,79400.0,80100.0,500,12360199
961,005930,2021-05-31,80300.0,80600.0,79600.0,80500.0,400,13321324
962,005930,2021-06-01,80500.0,81300.0,80100.0,80600.0,100,14058401
963,005930,2021-06-02,80400.0,81400.0,80300.0,80800.0,200,16414644
964,005930,2021-06-03,81300.0,83000.0,81100.0,82800.0,2000,29546007
965,005930,2021-06-04,82700.0,82700.0,81500.0,82200.0,600,18112259
966,005930,2021-06-07,82700.0,82800.0,81600.0,81900.0,300,16496197
967,005930,2021-06-08,82300.0,82600.0,81800.0,81900.0,0,12781226
968,005930,2021-06-09,81500.0,82000.0,81100.0,81100.0,800,14908823
969,005930,2021-06-10,81300.0,81400.0,80900.0,81000.0,100,17586995
970,005930,2021-06-11,81200.0,81700.0,80700.0,81000.0,0,14087962
971,005930,2021-06-14,80800.0,80900.0,80500.0,80500.0,500,10550078
972,005930,2021-06-15,80900.0,81200.0,80600.0,80900.0,400,10075685
973,005930,2021-06-16,81500.0,81900.0,81100.0,81800.0,900,14999855
974,005930,2021-06-17,81100.0,81300.0,80700.0,80900.0,900,14007385
975,005930,2021-06-18,81100.0,81100.0,80500.0,80500.0,400,14916721
976,005930,2021-06-21,79700.0,80000.0,79600.0,79900.0,600,16063340
977,005930,2021-06-22,80200.0,80300.0,79900.0,80000.0,100,11773365
978,005930,2021-06-23,80500.0,80600.0,79900.0,80100.0,100,13856548
979,005930,2021-06-24,80400.0,81400.0,80100.0,81200.0,1100,18771080
980,005930,2021-06-25,81500.0,81900.0,81200.0,81600.0,400,13481405
981,005930,2021-06-28,81700.0,82000.0,81600.0,81900.0,300,11578529
982,005930,2021-06-29,81900.0,82100.0,80800.0,81000.0,900,15744317
983,005930,2021-06-30,81100.0,81400.0,80700.0,80700.0,300,13288643
984,005930,2021-07-01,80500.0,80600.0,80000.0,80100.0,600,13382882
985,005930,2021-07-02,80000.0,80400.0,79900.0,80000.0,100,8753097
986,005930,2021-07-05,80100.0,80800.0,80000.0,80400.0,400,8330969
987,005930,2021-07-06,80600.0,81200.0,80500.0,81200.0,800,12131651
988,005930,2021-07-07,81200.0,81300.0,80300.0,80800.0,400,15992202
989,005930,2021-07-08,81100.0,81200.0,79900.0,79900.0,900,16660998
990,005930,2021-07-09,79600.0,79800.0,79000.0,79400.0,500,22720577
991,005930,2021-07-12,79900.0,80000.0,79500.0,79700.0,300,9768108
992,005930,2021-07-13,80000.0,80200.0,79800.0,79800.0,100,9863450
993,005930,2021-07-14,79400.0,79600.0,79100.0,79500.0,300,11575636
994,005930,2021-07-15,79800.0,80600.0,79500.0,80600.0,1100,13766279
995,005930,2021-07-16,80100.0,80100.0,79500.0,79800.0,800,10859399
996,005930,2021-07-19,79100.0,79200.0,78800.0,79000.0,800,13155414
997,005930,2021-07-20,78500.0,79000.0,78400.0,79000.0,0,12456646
998,005930,2021-07-21,79000.0,79100.0,78500.0,78500.0,500,12355296
999,005930,2021-07-22,79000.0,79800.0,78900.0,79700.0,1200,12618790
1000,005930,2021-07-23,79700.0,79900.0,79200.0,79300.0,400,9098910
1001,005930,2021-07-26,79400.0,79500.0,78800.0,78800.0,500,10040975
1002,005930,2021-07-27,79200.0,79400.0,78500.0,78500.0,300,11427693
1003,005930,2021-07-28,78300.0,79200.0,78100.0,79200.0,700,12743417
1004,005930,2021-07-29,78800.0,79400.0,78800.0,79000.0,200,14360453
1005,005930,2021-07-30,78900.0,78900.0,78500.0,78500.0,500,13823411
1006,005930,2021-08-02,79200.0,79500.0,78700.0,79300.0,800,11739124
1007,005930,2021-08-03,79400.0,81400.0,79300.0,81400.0,2100,24339360
1008,005930,2021-08-04,82200.0,83100.0,81800.0,82900.0,1500,25642368
1009,005930,2021-08-05,83300.0,83300.0,82000.0,82100.0,800,18485469
1010,005930,2021-08-06,81900.0,82500.0,81300.0,81500.0,600,13342623
1011,005930,2021-08-09,81500.0,82300.0,80900.0,81500.0,0,15522581
1012,005930,2021-08-10,82300.0,82400.0,80100.0,80200.0,1300,20362639
1013,005930,2021-08-11,79600.0,79800.0,78500.0,78500.0,1700,30241137
1014,005930,2021-08-12,77100.0,78200.0,76900.0,77000.0,1500,42112493
